{
  "beam_width": 5,
  "commit": "7da5c2d",
  "dataset_metrics": {
    "agent_elapsed_ms": 12.157307000000062,
    "agent_vs_human_speedup_estimate": 37014.776380986164,
    "cost_quality_frontier": [
      {
        "cost_proxy_model_calls": 300,
        "quality": 1.0,
        "reward": 1.1922937443336354,
        "task_id": "agent-loop-0"
      },
      {
        "cost_proxy_model_calls": 300,
        "quality": 1.0,
        "reward": 1.1922055674518202,
        "task_id": "agent-loop-1"
      },
      {
        "cost_proxy_model_calls": 300,
        "quality": 1.0,
        "reward": 1.191606399298707,
        "task_id": "agent-loop-2"
      }
    ],
    "estimated_human_ms": 450000.0,
    "mean_best_f1": 1.0,
    "mean_best_reward": 1.192035237028054,
    "mean_memory_selectivity": 0.07964762971945781,
    "mean_movement_selectivity": 0.07964762971945781,
    "mean_reward_variance": 0.07022416510125427,
    "mean_steps_to_threshold": 1.3333333333333333,
    "pass_rate": 1.0,
    "task_diversity": 1.0,
    "trajectory_entropy": 2.0466626882022623
  },
  "elapsed_ms": 12.157307000000062,
  "episodes": [
    {
      "best_quality": {
        "f1": 1.0,
        "fn": 0.0,
        "fp": 0.0,
        "precision": 1.0,
        "recall": 1.0,
        "tp": 4.0
      },
      "best_query": "retry networking layer",
      "best_reward": 1.1922937443336354,
      "initial_query": "retry",
      "metrics": {
        "best_query": "retry networking layer",
        "branching_factor": 5,
        "bytes_moved_total": 27575,
        "bytes_selected_best": 425,
        "cost_proxy_model_calls": 300,
        "initial_reward": 0.41055983680870356,
        "max_reward": 1.1922937443336354,
        "max_score": 1.0,
        "memory_selectivity": 0.0770625566636446,
        "movement_selectivity": 0.0770625566636446,
        "reasoning_steps": 4,
        "reward_variance": 0.1064335705932502,
        "steps_to_threshold": 1,
        "task_token_length": 6,
        "tool_calls": 5,
        "trajectory_entropy": 1.8265283144349629,
        "truth_gain": 0.6
      },
      "steps": [
        {
          "action": "initial",
          "bytes_moved": 5515,
          "quality": {
            "f1": 0.4,
            "fn": 3.0,
            "fp": 0.0,
            "precision": 1.0,
            "recall": 0.25,
            "tp": 1.0
          },
          "query": "retry",
          "reward": 0.41055983680870356,
          "score_latency_ms": 0.657671999999998,
          "selected_bytes": 107,
          "selected_count": 1,
          "step_idx": 0
        },
        {
          "action": "add:networking layer",
          "bytes_moved": 5515,
          "quality": {
            "f1": 1.0,
            "fn": 0.0,
            "fp": 0.0,
            "precision": 1.0,
            "recall": 1.0,
            "tp": 4.0
          },
          "query": "retry networking layer",
          "reward": 1.1922937443336354,
          "score_latency_ms": 0.7233360000000744,
          "selected_bytes": 425,
          "selected_count": 4,
          "step_idx": 1
        },
        {
          "action": "add:without backoff",
          "bytes_moved": 5515,
          "quality": {
            "f1": 0.222222,
            "fn": 0.0,
            "fp": 28.0,
            "precision": 0.125,
            "recall": 1.0,
            "tp": 4.0
          },
          "query": "retry networking layer without backoff",
          "reward": 0.3668638857660925,
          "score_latency_ms": 0.756976999999992,
          "selected_bytes": 3053,
          "selected_count": 32,
          "step_idx": 2
        },
        {
          "action": "add:HTTP",
          "bytes_moved": 5515,
          "quality": {
            "f1": 0.222222,
            "fn": 0.0,
            "fp": 28.0,
            "precision": 0.125,
            "recall": 1.0,
            "tp": 4.0
          },
          "query": "retry networking layer without backoff HTTP",
          "reward": 0.3668638857660925,
          "score_latency_ms": 0.7573169999999241,
          "selected_bytes": 3053,
          "selected_count": 32,
          "step_idx": 3
        },
        {
          "action": "add:connection pool",
          "bytes_moved": 5515,
          "quality": {
            "f1": 0.222222,
            "fn": 0.0,
            "fp": 28.0,
            "precision": 0.125,
            "recall": 1.0,
            "tp": 4.0
          },
          "query": "retry networking layer without backoff HTTP connection pool",
          "reward": 0.3668638857660925,
          "score_latency_ms": 0.7598170000000515,
          "selected_bytes": 3053,
          "selected_count": 32,
          "step_idx": 4
        }
      ],
      "target_topic": "retry_backoff",
      "task_id": "agent-loop-0"
    },
    {
      "best_quality": {
        "f1": 1.0,
        "fn": 0.0,
        "fp": 0.0,
        "precision": 1.0,
        "recall": 1.0,
        "tp": 4.0
      },
      "best_query": "retrieval ranking metrics",
      "best_reward": 1.1922055674518202,
      "initial_query": "retrieval",
      "metrics": {
        "best_query": "retrieval ranking metrics",
        "branching_factor": 5,
        "bytes_moved_total": 23350,
        "bytes_selected_best": 364,
        "cost_proxy_model_calls": 300,
        "initial_reward": 0.988797175588865,
        "max_reward": 1.1922055674518202,
        "max_score": 1.0,
        "memory_selectivity": 0.07794432548179872,
        "movement_selectivity": 0.07794432548179872,
        "reasoning_steps": 4,
        "reward_variance": 0.006619995820843761,
        "steps_to_threshold": 1,
        "task_token_length": 7,
        "tool_calls": 5,
        "trajectory_entropy": 2.313459750171824,
        "truth_gain": 0.142857
      },
      "steps": [
        {
          "action": "initial",
          "bytes_moved": 4670,
          "quality": {
            "f1": 0.857143,
            "fn": 1.0,
            "fp": 0.0,
            "precision": 1.0,
            "recall": 0.75,
            "tp": 3.0
          },
          "query": "retrieval",
          "reward": 0.988797175588865,
          "score_latency_ms": 0.6445020000001023,
          "selected_bytes": 273,
          "selected_count": 3,
          "step_idx": 0
        },
        {
          "action": "add:ranking metrics",
          "bytes_moved": 4670,
          "quality": {
            "f1": 1.0,
            "fn": 0.0,
            "fp": 0.0,
            "precision": 1.0,
            "recall": 1.0,
            "tp": 4.0
          },
          "query": "retrieval ranking metrics",
          "reward": 1.1922055674518202,
          "score_latency_ms": 0.5967689999999415,
          "selected_bytes": 364,
          "selected_count": 4,
          "step_idx": 1
        },
        {
          "action": "add:code search",
          "bytes_moved": 4670,
          "quality": {
            "f1": 1.0,
            "fn": 0.0,
            "fp": 0.0,
            "precision": 1.0,
            "recall": 1.0,
            "tp": 4.0
          },
          "query": "retrieval ranking metrics code search",
          "reward": 1.1922055674518202,
          "score_latency_ms": 0.6354209999999139,
          "selected_bytes": 364,
          "selected_count": 4,
          "step_idx": 2
        },
        {
          "action": "add:information retrieval",
          "bytes_moved": 4670,
          "quality": {
            "f1": 1.0,
            "fn": 0.0,
            "fp": 0.0,
            "precision": 1.0,
            "recall": 1.0,
            "tp": 4.0
          },
          "query": "retrieval ranking metrics code search information retrieval",
          "reward": 1.1922055674518202,
          "score_latency_ms": 0.6652230000001591,
          "selected_bytes": 364,
          "selected_count": 4,
          "step_idx": 3
        },
        {
          "action": "add:semantic quality",
          "bytes_moved": 4670,
          "quality": {
            "f1": 1.0,
            "fn": 0.0,
            "fp": 0.0,