{
  "beam_width": 5,
  "commit": "685e451",
  "dataset_metrics": {
    "agent_elapsed_ms": 16.884518999999987,
    "agent_vs_human_speedup_estimate": 26651.632776746577,
    "cost_quality_frontier": [
      {
        "cost_proxy_model_calls": 400,
        "quality": 1.0,
        "reward": 1.1914083741163675,
        "task_id": "agent-loop-0"
      },
      {
        "cost_proxy_model_calls": 400,
        "quality": 1.0,
        "reward": 1.1911481719050674,
        "task_id": "agent-loop-1"
      },
      {
        "cost_proxy_model_calls": 400,
        "quality": 1.0,
        "reward": 1.1904543968617194,
        "task_id": "agent-loop-2"
      }
    ],
    "estimated_human_ms": 450000.0,
    "mean_best_f1": 1.0,
    "mean_best_reward": 1.1910036476277182,
    "mean_memory_selectivity": 0.08996352372281848,
    "mean_movement_selectivity": 0.08996352372281848,
    "mean_reward_variance": 0.05796933317801147,
    "mean_steps_to_threshold": 1.3333333333333333,
    "pass_rate": 1.0,
    "task_diversity": 1.0,
    "trajectory_entropy": 2.108967597126291
  },
  "elapsed_ms": 16.884518999999987,
  "episodes": [
    {
      "best_quality": {
        "f1": 1.0,
        "fn": 0.0,
        "fp": 0.0,
        "precision": 1.0,
        "recall": 1.0,
        "tp": 6.0
      },
      "best_query": "retry networking layer",
      "best_reward": 1.1914083741163675,
      "initial_query": "retry",
      "metrics": {
        "best_query": "retry networking layer",
        "branching_factor": 5,
        "bytes_moved_total": 36780,
        "bytes_selected_best": 632,
        "cost_proxy_model_calls": 400,
        "initial_reward": 0.5304240602229472,
        "max_reward": 1.1914083741163675,
        "max_score": 1.0,
        "memory_selectivity": 0.08591625883632409,
        "movement_selectivity": 0.08591625883632409,
        "reasoning_steps": 4,
        "reward_variance": 0.09569209279933259,
        "steps_to_threshold": 1,
        "task_token_length": 6,
        "tool_calls": 5,
        "trajectory_entropy": 1.8650312033350058,
        "truth_gain": 0.5
      },
      "steps": [
        {
          "action": "initial",
          "bytes_moved": 7356,
          "quality": {
            "f1": 0.5,
            "fn": 4.0,
            "fp": 0.0,
            "precision": 1.0,
            "recall": 0.333333,
            "tp": 2.0
          },
          "query": "retry",
          "reward": 0.5304240602229472,
          "score_latency_ms": 0.9562509999998525,
          "selected_bytes": 214,
          "selected_count": 2,
          "step_idx": 0
        },
        {
          "action": "add:networking layer",
          "bytes_moved": 7356,
          "quality": {
            "f1": 1.0,
            "fn": 0.0,
            "fp": 0.0,
            "precision": 1.0,
            "recall": 1.0,
            "tp": 6.0
          },
          "query": "retry networking layer",
          "reward": 1.1914083741163675,
          "score_latency_ms": 1.0205530000000351,
          "selected_bytes": 632,
          "selected_count": 6,
          "step_idx": 1
        },
        {
          "action": "add:without backoff",
          "bytes_moved": 7356,
          "quality": {
            "f1": 0.25,
            "fn": 0.0,
            "fp": 36.0,
            "precision": 0.142857,
            "recall": 1.0,
            "tp": 6.0
          },
          "query": "retry networking layer without backoff",
          "reward": 0.39543230016313213,
          "score_latency_ms": 1.0520439999999187,
          "selected_bytes": 4014,
          "selected_count": 42,
          "step_idx": 2
        },
        {
          "action": "add:HTTP",
          "bytes_moved": 7356,
          "quality": {
            "f1": 0.25,
            "fn": 0.0,
            "fp": 36.0,
            "precision": 0.142857,
            "recall": 1.0,
            "tp": 6.0
          },
          "query": "retry networking layer without backoff HTTP",
          "reward": 0.39543230016313213,
          "score_latency_ms": 1.0553739999998868,
          "selected_bytes": 4014,
          "selected_count": 42,
          "step_idx": 3
        },
        {
          "action": "add:connection pool",
          "bytes_moved": 7356,
          "quality": {
            "f1": 0.25,
            "fn": 0.0,
            "fp": 36.0,
            "precision": 0.142857,
            "recall": 1.0,
            "tp": 6.0
          },
          "query": "retry networking layer without backoff HTTP connection pool",
          "reward": 0.39543230016313213,
          "score_latency_ms": 1.0896349999998112,
          "selected_bytes": 4014,
          "selected_count": 42,
          "step_idx": 4
        }
      ],
      "target_topic": "retry_backoff",
      "task_id": "agent-loop-0"
    },
    {
      "best_quality": {
        "f1": 1.0,
        "fn": 0.0,
        "fp": 0.0,
        "precision": 1.0,
        "recall": 1.0,
        "tp": 6.0
      },
      "best_query": "retrieval ranking metrics",
      "best_reward": 1.1911481719050674,
      "initial_query": "retrieval",
      "metrics": {
        "best_query": "retrieval ranking metrics",
        "branching_factor": 5,
        "bytes_moved_total": 31180,
        "bytes_selected_best": 552,
        "cost_proxy_model_calls": 400,
        "initial_reward": 0.9107334594291212,
        "max_reward": 1.1911481719050674,
        "max_score": 1.0,
        "memory_selectivity": 0.0885182809493265,
        "movement_selectivity": 0.0885182809493265,
        "reasoning_steps": 4,
        "reward_variance": 0.01258118575567481,
        "steps_to_threshold": 1,
        "task_token_length": 7,
        "tool_calls": 5,
        "trajectory_entropy": 2.305958492868042,
        "truth_gain": 0.19999999999999996
      },
      "steps": [
        {
          "action": "initial",
          "bytes_moved": 6236,
          "quality": {
            "f1": 0.8,
            "fn": 2.0,
            "fp": 0.0,
            "precision": 1.0,
            "recall": 0.666667,
            "tp": 4.0
          },
          "query": "retrieval",
          "reward": 0.9107334594291212,
          "score_latency_ms": 0.8542690000001851,
          "selected_bytes": 370,
          "selected_count": 4,
          "step_idx": 0
        },
        {
          "action": "add:ranking metrics",
          "bytes_moved": 6236,
          "quality": {
            "f1": 1.0,
            "fn": 0.0,
            "fp": 0.0,
            "precision": 1.0,
            "recall": 1.0,
            "tp": 6.0
          },
          "query": "retrieval ranking metrics",
          "reward": 1.1911481719050674,
          "score_latency_ms": 0.8888799999999808,
          "selected_bytes": 552,
          "selected_count": 6,
          "step_idx": 1
        },
        {
          "action": "add:code search",
          "bytes_moved": 6236,
          "quality": {
            "f1": 1.0,
            "fn": 0.0,
            "fp": 0.0,
            "precision": 1.0,
            "recall": 1.0,
            "tp": 6.0
          },
          "query": "retrieval ranking metrics code search",
          "reward": 1.1911481719050674,
          "score_latency_ms": 0.8971200000000845,
          "selected_bytes": 552,
          "selected_count": 6,
          "step_idx": 2
        },
        {
          "action": "add:information retrieval",
          "bytes_moved": 6236,
          "quality": {
            "f1": 1.0,
            "fn": 0.0,
            "fp": 0.0,
            "precision": 1.0,
            "recall": 1.0,
            "tp": 6.0
          },
          "query": "retrieval ranking metrics code search information retrieval",
          "reward": 1.1911481719050674,
          "score_latency_ms": 0.9219799999999889,
          "selected_bytes": 552,
          "selected_count": 6,
          "step_idx": 3
        },
        {
          "action": "add:semantic quality",
          "bytes_moved": 6236,
          "quality": {
            "f1": 1.0,
            "fn": 0.0,
            "fp": 0.0,