{
  "aggregate_client": {
    "completion_tokens_per_s": 66.13493863699047,
    "latency_ms_p50_mean": 48.092840999999,
    "latency_ms_p95_max": 224.92585580001503,
    "latency_ms_p99_max": 226.67213087998618,
    "prompt_tokens_per_s": 3185.499544348374,
    "requests_per_s": 66.13493863699047,
    "total_tokens_per_s": 3251.6344829853647
  },
  "aggregate_server": {
    "derived_mfu_bf16_peak_mean": 0.01795145826770643,
    "derived_mfu_fp8_peak_mean": 0.008975729133853215,
    "estimated_tflops_per_gpu_mean": 17.762967955895512,
    "generation_tokens_per_s": 66.13493863699047,
    "gpu_memory_used_mb_max": 75309.0,
    "gpu_memory_utilization_pct_max": 92.33683591019998,
    "gpu_power_utilization_pct_max": 18.198571428571427,
    "gpu_power_utilization_pct_mean": 17.625,
    "gpu_power_w_max": 127.39,
    "gpu_power_w_mean": 123.375,
    "gpu_utilization_pct_max": 19.0,
    "gpu_utilization_pct_mean": 9.5,
    "kv_cache_usage_perc_max": 0.0,
    "num_requests_running_max": 0.0,
    "num_requests_waiting_max": 0.0,
    "prompt_tokens_per_s": 3185.499544348374,
    "requests_per_s": 66.13493863699047,
    "server_e2e_latency_avg_ms_mean": 71.78260882695515,
    "server_inference_avg_ms_mean": 35.60666820832618,
    "server_prefill_avg_ms_mean": 35.60666820832618,
    "server_queue_avg_ms_mean": 0.013019333337638272,
    "server_ttft_avg_ms_mean": 71.78260882695515
  },
  "dataset_mode": "dynamic",
  "elapsed_s": 211.4514996999933,
  "gpu_memory_utilization": 0.92,
  "max_num_batched_tokens": 8192,
  "model": "Qwen/Qwen2.5-3B-Instruct-AWQ",
  "prompt_variant": "compact",
  "replica_results": [
    {
      "client_summary": {
        "completion_tokens_per_s": 66.13493863699047,
        "elapsed_s": 0.3628944169999784,
        "latency_ms_max": 227.17128699997602,
        "latency_ms_p50": 48.092840999999,
        "latency_ms_p95": 224.92585580001503,
        "latency_ms_p99": 226.67213087998618,
        "prompt_tokens_per_s": 3185.499544348374,
        "requests_per_s": 66.13493863699047,
        "total_tokens_per_s": 3251.6344829853647
      },
      "command": [
        "/usr/local/bin/python",
        "-m",
        "vllm.entrypoints.openai.api_server",
        "--host",
        "127.0.0.1",
        "--port",
        "8000",
        "--model",
        "Qwen/Qwen2.5-3B-Instruct-AWQ",
        "--served-model-name",
        "tier1-filter",
        "--revision",
        "main",
        "--trust-remote-code",
        "--enable-prefix-caching",
        "--gpu-memory-utilization",
        "0.92",
        "--max-model-len",
        "4096",
        "--max-num-seqs",
        "256",
        "--max-num-batched-tokens",
        "8192",
        "--quantization",
        "awq_marlin",
        "--enable-mfu-metrics"
      ],
      "config": {
        "concurrency": 6,
        "dataset_mode": "dynamic",
        "enable_mfu_metrics_active": true,
        "enable_mfu_metrics_requested": true,
        "enable_mfu_metrics_supported": true,
        "gpu_memory_utilization": 0.92,
        "max_num_batched_tokens": 8192,
        "num_requests": 24,
        "prompt_variant": "compact"
      },
      "gpu_samples": [
        {
          "elapsed_s": 0.07561980299999504,
          "gpu_memory_total_mb": 81559.0,
          "gpu_memory_used_mb": 75309.0,
          "gpu_memory_utilization_pct": 0.0,
          "gpu_power_limit_w": 700.0,
          "gpu_power_w": 119.36,
          "gpu_utilization_pct": 0.0
        },
        {
          "elapsed_s": 0.3716319330000033,
          "gpu_memory_total_mb": 81559.0,
          "gpu_memory_used_mb": 75309.0,
          "gpu_memory_utilization_pct": 4.0,
          "gpu_power_limit_w": 700.0,
          "gpu_power_w": 127.39,
          "gpu_utilization_pct": 19.0
        }
      ],
      "logs_tail": [
        "Capturing CUDA graphs (decode, FULL):  60%|\u2588\u2588\u2588\u2588\u2588\u2588    | 21/35 [00:00<00:00, 24.08it/s]",
        "Capturing CUDA graphs (decode, FULL):  69%|\u2588\u2588\u2588\u2588\u2588\u2588\u258a   | 24/35 [00:01<00:00, 25.25it/s]",
        "Capturing CUDA graphs (decode, FULL):  77%|\u2588\u2588\u2588\u2588\u2588\u2588\u2588\u258b  | 27/35 [00:01<00:00, 26.36it/s]",
        "Capturing CUDA graphs (decode, FULL):  86%|\u2588\u2588\u2588\u2588\u2588\u2588\u2588\u2588\u258c | 30/35 [00:01<00:00, 26.85it/s]",
        "Capturing CUDA graphs (decode, FULL):  94%|\u2588\u2588\u2588\u2588\u2588\u2588\u2588\u2588\u2588\u258d| 33/35 [00:01<00:00, 27.51it/s]",
        "Capturing CUDA graphs (decode, FULL): 100%|\u2588\u2588\u2588\u2588\u2588\u2588\u2588\u2588\u2588\u2588| 35/35 [00:01<00:00, 23.64it/s]",
        "(EngineCore pid=36) INFO 06-20 14:21:14 [gpu_model_runner.py:6456] Graph capturing finished in 5 secs, took 0.47 GiB",
        "(EngineCore pid=36) INFO 06-20 14:21:14 [gpu_worker.py:619] CUDA graph pool memory: 0.47 GiB (actual), 0.43 GiB (estimated), difference: 0.04 GiB (9.1%).",
        "(EngineCore pid=36) INFO 06-20 14:21:14 [jit_monitor.py:54] Kernel JIT monitor activated \u2014 Triton JIT compilations during inference will be logged as warnings.",
        "(EngineCore pid=36) INFO 06-20 14:21:14 [core.py:302] init engine (profile, create kv cache, warmup model) took 117.86 s (compilation: 11.56 s)",
        "(EngineCore pid=36) INFO 06-20 14:21:15 [perf.py:999] Instantiated ComponentMetrics [attn] with (num_hidden_layers=36 hidden_size=2048 num_attention_heads=16 activation_byte_size=2 tp_size=1 pp_size=1 num_key_value_heads=2 head_dim=128 cache_byte_size=2 weight_byte_size=0.5)",
        "(EngineCore pid=36) INFO 06-20 14:21:15 [perf.py:999] Instantiated ComponentMetrics [ffn] with (num_hidden_layers=36 hidden_size=2048 activation_byte_size=2 pp_size=1 ffn_tp_size=1 ffn_ep_size=1 intermediate_size=11008 num_experts=0 num_experts_per_tok=0 moe_intermediate_size=11008 num_shared_experts=0 num_moe_layers=0 weight_byte_size=0.5)",
        "(EngineCore pid=36) INFO 06-20 14:21:15 [perf.py:999] Instantiated ComponentMetrics [unembed] with (hidden_size=2048 vocab_size=151936 weight_byte_size=2 activation_byte_size=2 tp_size=1)",
        "(EngineCore pid=36) INFO 06-20 14:21:15 [vllm.py:977] Asynchronous scheduling is enabled.",
        "(EngineCore pid=36) INFO 06-20 14:21:15 [kernel.py:270] Final IR op priority after setting platform defaults: IrOpPriorityConfig(rms_norm=['native'], fused_add_rms_norm=['native'])",
        "(APIServer pid=9) INFO 06-20 14:21:15 [api_server.py:592] Supported tasks: ['generate']",
        "(APIServer pid=9) WARNING 06-20 14:21:16 [model.py:1509] Default vLLM sampling parameters have been overridden by the model's `generation_config.json`: `{'repetition_penalty': 1.05, 'temperature': 0.7, 'top_k': 20, 'top_p': 0.8}`. If this is not intended, please relaunch vLLM instance with `--generation-config vllm`.",
        "(APIServer pid=9) INFO 06-20 14:21:17 [hf.py:488] Detected the chat template content format to be 'string'. You can set `--chat-template-content-format` to override this.",
        "(APIServer pid=9) INFO 06-20 14:21:18 [api_server.py:596] Starting vLLM server on http://127.0.0.1:8000",
        "(APIServer pid=9) INFO 06-20 14:21:18 [launcher.py:37] Available routes are:",
        "(APIServer pid=9) INFO 06-20 14:21:18 [launcher.py:46] Route: /openapi.json, Methods: HEAD, GET",
        "(APIServer pid=9) INFO 06-20 14:21:18 [launcher.py:46] Route: /docs, Methods: HEAD, GET",
        "(APIServer pid=9) INFO 06-20 14:21:18 [launcher.py:46] Route: /docs/oauth2-redirect, Methods: HEAD, GET",
        "(APIServer pid=9) INFO 06-20 14:21:18 [launcher.py:46] Route: /redoc, Methods: HEAD, GET",
        "(APIServer pid=9) INFO 06-20 14:21:18 [launcher.py:46] Route: /tokenize, Methods: POST",
        "(APIServer pid=9) INFO 06-20 14:21:18 [launcher.py:46] Route: /detokenize, Methods: POST",
        "(APIServer pid=9) INFO 06-20 14:21:18 [launcher.py:46] Route: /load, Methods: GET",
        "(APIServer pid=9) INFO 06-20 14:21:18 [launcher.py:46] Route: /version, Methods: GET",
