{
  "active_counts": [
    1
  ],
  "gpu_count": 1,
  "matrix": {
    "1": {
      "multi_user_dynamic": {
        "elapsed_s": 0.4332495050000489,
        "gpu_memory_used_mb_max": 74017.0,
        "gpu_power_w_max": 186.19,
        "gpu_power_w_mean": 185.62,
        "gpu_sample_count": 2,
        "gpu_utilization_pct_max": 62.0,
        "gpu_utilization_pct_mean": 44.0,
        "latency_ms_max": 282.03409800005375,
        "latency_ms_p50": 88.31883999999945,
        "latency_ms_p95": 205.33469675004312,
        "latency_ms_p99": 278.2314503500629,
        "prompt_tokens_per_s": 8595.508955052539,
        "requests": 96,
        "requests_per_s": 221.58132644603754,
        "total_tokens_per_s": 8817.090281498577
      },
      "multi_user_static": {
        "elapsed_s": 0.6483771300000853,
        "gpu_memory_used_mb_max": 74015.0,
        "gpu_power_w_max": 170.44,
        "gpu_power_w_mean": 161.15333333333334,
        "gpu_sample_count": 3,
        "gpu_utilization_pct_max": 47.0,
        "gpu_utilization_pct_mean": 28.0,
        "latency_ms_max": 294.69815400000243,
        "latency_ms_p50": 169.99165999993693,
        "latency_ms_p95": 291.40699849997986,
        "latency_ms_p99": 293.38287614995124,
        "prompt_tokens_per_s": 4589.921300894139,
        "requests": 96,
        "requests_per_s": 148.06197744819804,
        "total_tokens_per_s": 4737.983278342337
      },
      "single_user_dynamic": {
        "elapsed_s": 0.6136488789999248,
        "gpu_memory_used_mb_max": 74017.0,
        "gpu_power_w_max": 178.16,
        "gpu_power_w_mean": 171.76333333333332,
        "gpu_sample_count": 3,
        "gpu_utilization_pct_max": 62.0,
        "gpu_utilization_pct_mean": 45.0,
        "latency_ms_max": 27.48099000007187,
        "latency_ms_p50": 17.36916650003195,
        "latency_ms_p95": 18.081338249982082,
        "latency_ms_p99": 24.671301590065024,
        "prompt_tokens_per_s": 2001.1443710307021,
        "requests": 32,
        "requests_per_s": 52.147084587119274,
        "total_tokens_per_s": 2053.2914556178216
      },
      "single_user_static": {
        "elapsed_s": 0.6137960820000217,
        "gpu_memory_used_mb_max": 73917.0,
        "gpu_power_w_max": 148.43,
        "gpu_power_w_mean": 134.47,
        "gpu_sample_count": 3,
        "gpu_utilization_pct_max": 48.0,
        "gpu_utilization_pct_mean": 27.666666666666668,
        "latency_ms_max": 30.712284000060208,
        "latency_ms_p50": 17.219881000016812,
        "latency_ms_p95": 18.15225615006284,
        "latency_ms_p99": 26.822103610053333,
        "prompt_tokens_per_s": 1616.1719324887529,
        "requests": 32,
        "requests_per_s": 52.13457846737912,
        "total_tokens_per_s": 1668.306510956132
      }
    }
  },
  "max_num_batched_tokens": 16384,
  "model": "Qwen/Qwen2.5-3B-Instruct-AWQ",
  "prime_pod": {
    "created_by_runner": false,
    "gpu_count": 1,
    "pod_id": "9957b64133d442839109aaa24782bd24"
  },
  "projected_8x": null,
  "rag_reference": {
    "query": "GPU queue saturation and throughput metrics",
    "rows": [
      {
        "backend": "numpy-fallback",
        "fresh_file_total_ms": 4.884500987827778,
        "index_build_ms": 0.0009589130058884621,
        "index_embed_ms": 4.871084005571902,
        "index_total_ms": 4.87204291857779,
        "n_docs": 7,
        "retrieve_ms_max": 0.025499961338937283,
        "retrieve_ms_mean": 0.015346993071337542,
        "retrieve_ms_min": 0.008082948625087738,
        "retrieve_ms_p50": 0.012458069249987602,
        "retrieve_runs_ms": [
          {
            "ann_ms": 0.021124957129359245,
            "query_embed_ms": 0.004375004209578037,
            "rerank_ms": 0.0,
            "retrieve_ms_total": 0.025499961338937283,
            "wall_ms": 0.027499976567924023
          },
          {
            "ann_ms": 0.008458038792014122,
            "query_embed_ms": 0.00400003045797348,
            "rerank_ms": 0.0,
            "retrieve_ms_total": 0.012458069249987602,
            "wall_ms": 0.013709068298339844
          },
          {
            "ann_ms": 0.004790956154465675,
            "query_embed_ms": 0.0032919924706220627,
            "rerank_ms": 0.0,
            "retrieve_ms_total": 0.008082948625087738,
            "wall_ms": 0.008792034350335598
          }
        ],
        "single_process_retrieve_qps_p50": 80269.26002205319,
        "top_hits": [
          {
            "doc_id": "68484",
            "score": 0.17754408520201126
          },
          {
            "doc_id": "82002",
            "score": 0.16958878770494423
          },
          {
            "doc_id": "86190",
            "score": 0.16754156331667824
          },
          {
            "doc_id": "46697",
            "score": 0.16080092519119002
          },
          {
            "doc_id": "5412",
            "score": 0.10825317547305484
          }
        ]
      },
      {
        "backend": "numpy-fallback",
        "fresh_file_total_ms": 130.1366661209613,
        "index_build_ms": 0.00300002284348011,
        "index_embed_ms": 130.08612499106675,
        "index_total_ms": 130.08912501391023,
        "n_docs": 100,
        "retrieve_ms_max": 0.0887078931555152,
        "retrieve_ms_mean": 0.060652343866725765,
        "retrieve_ms_min": 0.04570803139358759,
        "retrieve_ms_p50": 0.047541107051074505,
        "retrieve_runs_ms": [
          {
            "ann_ms": 0.08495792280882597,
            "query_embed_ms": 0.0037499703466892242,
            "rerank_ms": 0.0,
            "retrieve_ms_total": 0.0887078931555152,
            "wall_ms": 0.09062502067536116
          },
          {
            "ann_ms": 0.043791020289063454,
            "query_embed_ms": 0.003750086762011051,
            "rerank_ms": 0.0,
            "retrieve_ms_total": 0.047541107051074505,
            "wall_ms": 0.048625050112605095
          },
          {
            "ann_ms": 0.04241697024554014,
            "query_embed_ms": 0.003291061148047447,
            "rerank_ms": 0.0,
            "retrieve_ms_total": 0.04570803139358759,
            "wall_ms": 0.04650000482797623
          }
        ],
        "single_process_retrieve_qps_p50": 21034.42814080196,
        "top_hits": [
          {
            "doc_id": "82008",
            "score": 0.4822811590878604
          },
          {
            "doc_id": "39985",
            "score": 0.4467951353008458
          },
          {
            "doc_id": "11589",
            "score": 0.44574546305930485
          },
          {
            "doc_id": "8354",
            "score": 0.4194275197157053
          },
          {
            "doc_id": "30253",
            "score": 0.41075025893708045
          }
        ]
      },
      {
        "backend": "numpy-fallback",
        "fresh_file_total_ms": 1209.2547080246732,
        "index_build_ms": 0.02804200630635023,
        "index_embed_ms": 1208.8017499772832,
        "index_total_ms": 1208.8297919835895,
        "n_docs": 1000,
        "retrieve_ms_max": 1.0033329017460346,
        "retrieve_ms_mean": 0.616096619827052,
        "retrieve_ms_min": 0.42004091665148735,
        "retrieve_ms_p50": 0.4249160410836339,
        "retrieve_runs_ms": [
          {
            "ann_ms": 0.9992079576477408,
            "query_embed_ms": 0.004124944098293781,
            "rerank_ms": 0.0,
            "retrieve_ms_total": 1.0033329017460346,
            "wall_ms": 1.0053330333903432
          },
          {
            "ann_ms": 0.42112497612833977,
            "query_embed_ms": 0.0037910649552941322,
            "rerank_ms": 0.0,
            "retrieve_ms_total": 0.4249160410836339,
            "wall_ms": 0.4259580746293068
          },
          {
            "ann_ms": 0.4165829159319401,
            "query_embed_ms": 0.0034580007195472717,
            "rerank_ms": 0.0,
            "retrieve_ms_total": 0.42004091665148735,
            "wall_ms": 0.42083405423909426
          }
        ],