{
  "artifact": "eval\\artifacts\\phase04_h100_rag_matrix.json",
  "gpu_memory_utilization": 0.92,
  "label": "baseline",
  "model": "Qwen/Qwen2.5-3B-Instruct-AWQ",
  "prompt_variant": "compact",
  "rows": [
    {
      "concurrency": 32,
      "dataset_mode": "dynamic",
      "derived_mfu_bf16_peak": 0.08288903375373595,
      "estimated_tflops_per_gpu": 82.01869889932172,
      "gpu_count": 1,
      "gpu_memory_used_mb_max": 75309.0,
      "gpu_memory_utilization_pct_max": 92.33683591019998,
      "gpu_power_w_max": 153.07,
      "gpu_power_w_mean": 134.68,
      "gpu_utilization_pct_max": 64.0,
      "gpu_utilization_pct_mean": 32.0,
      "kv_cache_usage_perc_max": 0.0,
      "latency_ms_p50": 86.46336550003753,
      "latency_ms_p95": 160.6168890000106,
      "latency_ms_p99": 204.30518950001326,
      "num_requests": 96,
      "prompt_tokens_per_s": 14708.680452749604,
      "requests_per_s": 301.4588649581473,
      "scenario": "multi_user_dynamic",
      "server_prefill_avg_ms": 19.210996864586605,
      "server_queue_avg_ms": 0.014844385428129195,
      "server_ttft_avg_ms": 34.5200647910436,
      "total_tokens_per_s": 15010.139317707752
    },
    {
      "concurrency": 32,
      "dataset_mode": "dynamic",
      "derived_mfu_bf16_peak": 0.08075529288517282,
      "estimated_tflops_per_gpu": 79.9073623098785,
      "gpu_count": 6,
      "gpu_memory_used_mb_max": 75309.0,
      "gpu_memory_utilization_pct_max": 92.33683591019998,
      "gpu_power_w_max": 168.03,
      "gpu_power_w_mean": 138.45416666666668,
      "gpu_utilization_pct_max": 63.0,
      "gpu_utilization_pct_mean": 19.416666666666668,
      "kv_cache_usage_perc_max": 0.0,
      "latency_ms_p50": 92.04181466667194,
      "latency_ms_p95": 212.25026750001064,
      "latency_ms_p99": 240.07023225000097,
      "num_requests": 96,
      "prompt_tokens_per_s": 85980.28550641712,
      "requests_per_s": 1762.19201721094,
      "scenario": "multi_user_dynamic",
      "server_prefill_avg_ms": 19.177688045141206,
      "server_queue_avg_ms": 0.015406022571785706,
      "server_ttft_avg_ms": 35.546125223239265,
      "total_tokens_per_s": 87742.47752362805
    },
    {
      "concurrency": 32,
      "dataset_mode": "static",
      "derived_mfu_bf16_peak": 0.009497838969073422,
      "estimated_tflops_per_gpu": 9.39811165989815,
      "gpu_count": 1,
      "gpu_memory_used_mb_max": 75309.0,
      "gpu_memory_utilization_pct_max": 92.33683591019998,
      "gpu_power_w_max": 128.37,
      "gpu_power_w_mean": 122.565,
      "gpu_utilization_pct_max": 20.0,
      "gpu_utilization_pct_mean": 10.0,
      "kv_cache_usage_perc_max": 0.0,
      "latency_ms_p50": 158.13422799999444,
      "latency_ms_p95": 205.08669375000466,
      "latency_ms_p99": 228.67008200000208,
      "num_requests": 96,
      "prompt_tokens_per_s": 8333.651216553402,
      "requests_per_s": 208.34128041383505,
      "scenario": "multi_user_static",
      "server_prefill_avg_ms": 22.638076677081287,
      "server_queue_avg_ms": 0.02104168750172164,
      "server_ttft_avg_ms": 66.30941977103551,
      "total_tokens_per_s": 8541.992496967237
    },
    {
      "concurrency": 32,
      "dataset_mode": "static",
      "derived_mfu_bf16_peak": 0.010272250256042424,
      "estimated_tflops_per_gpu": 10.164391628353979,
      "gpu_count": 6,
      "gpu_memory_used_mb_max": 75309.0,
      "gpu_memory_utilization_pct_max": 92.33683591019998,
      "gpu_power_w_max": 134.76,
      "gpu_power_w_mean": 123.44999999999999,
      "gpu_utilization_pct_max": 52.0,
      "gpu_utilization_pct_mean": 11.416666666666666,
      "kv_cache_usage_perc_max": 0.0,
      "latency_ms_p50": 132.19746591666848,
      "latency_ms_p95": 244.47247325002763,
      "latency_ms_p99": 251.02494904999872,
      "num_requests": 96,
      "prompt_tokens_per_s": 54078.839063341366,
      "requests_per_s": 1351.9709765835341,
      "scenario": "multi_user_static",
      "server_prefill_avg_ms": 27.02579710937483,
      "server_queue_avg_ms": 0.016519151041677956,
      "server_ttft_avg_ms": 59.105790323681305,
      "total_tokens_per_s": 55430.810039924894
    },
    {
      "concurrency": 1,
      "dataset_mode": "dynamic",
      "derived_mfu_bf16_peak": 0.01970879287686574,
      "estimated_tflops_per_gpu": 19.50185055165865,
      "gpu_count": 1,
      "gpu_memory_used_mb_max": 75309.0,
      "gpu_memory_utilization_pct_max": 92.33683591019998,
      "gpu_power_w_max": 128.24,
      "gpu_power_w_mean": 121.98,
      "gpu_utilization_pct_max": 9.0,
      "gpu_utilization_pct_mean": 4.5,
      "kv_cache_usage_perc_max": 0.0,
      "latency_ms_p50": 13.542167500020241,
      "latency_ms_p95": 15.570493450036338,
      "latency_ms_p99": 16.531454520019224,
      "num_requests": 32,
      "prompt_tokens_per_s": 3497.336682097767,
      "requests_per_s": 72.29636552140087,
      "scenario": "single_user_dynamic",
      "server_prefill_avg_ms": 6.808438250004656,
      "server_queue_avg_ms": 0.010757000005412465,
      "server_ttft_avg_ms": 11.283859610557556,
      "total_tokens_per_s": 3569.633047619168
    },
    {
      "concurrency": 1,
      "dataset_mode": "dynamic",
      "derived_mfu_bf16_peak": 0.019072980290087548,
      "estimated_tflops_per_gpu": 18.87271399704163,
      "gpu_count": 6,
      "gpu_memory_used_mb_max": 75309.0,
      "gpu_memory_utilization_pct_max": 92.33683591019998,
      "gpu_power_w_max": 145.13,
      "gpu_power_w_mean": 128.97416666666666,
      "gpu_utilization_pct_max": 38.0,
      "gpu_utilization_pct_mean": 15.638888888888888,
      "kv_cache_usage_perc_max": 0.0,
      "latency_ms_p50": 14.665460333329605,
      "latency_ms_p95": 27.15697930001113,
      "latency_ms_p99": 28.49351702000405,
      "num_requests": 32,
      "prompt_tokens_per_s": 20307.06822752673,
      "requests_per_s": 419.78435612458355,
      "scenario": "single_user_dynamic",
      "server_prefill_avg_ms": 6.672941078126993,
      "server_queue_avg_ms": 0.009951046873476107,
      "server_ttft_avg_ms": 11.87321792046229,
      "total_tokens_per_s": 20726.852583651314
    },
    {
      "concurrency": 1,
      "dataset_mode": "static",
      "derived_mfu_bf16_peak": 0.0035806541402559175,
      "estimated_tflops_per_gpu": 3.5430572717832303,
      "gpu_count": 1,
      "gpu_memory_used_mb_max": 75309.0,
      "gpu_memory_utilization_pct_max": 92.33683591019998,
      "gpu_power_w_max": 124.11,
      "gpu_power_w_mean": 119.705,
      "gpu_utilization_pct_max": 31.0,
      "gpu_utilization_pct_mean": 15.5,
      "kv_cache_usage_perc_max": 0.0,
      "latency_ms_p50": 12.23730100001319,
      "latency_ms_p95": 14.572535149997634,
      "latency_ms_p99": 17.310561880005938,
      "num_requests": 32,
      "prompt_tokens_per_s": 3141.7591758677486,
      "requests_per_s": 78.54397939669371,
      "scenario": "single_user_static",
      "server_prefill_avg_ms": 6.150187531246409,
      "server_queue_avg_ms": 0.009043000001263124,
      "server_ttft_avg_ms": 10.298483073711395,
      "total_tokens_per_s": 3220.3031552644425
    },
    {
      "concurrency": 1,
      "dataset_mode": "static",
      "derived_mfu_bf16_peak": 0.0033511375041571606,
      "estimated_tflops_per_gpu": 3.3159505603635098,
      "gpu_count": 6,
      "gpu_memory_used_mb_max": 75309.0,
      "gpu_memory_utilization_pct_max": 92.33683591019998,
      "gpu_power_w_max": 131.95,
      "gpu_power_w_mean": 123.36,
      "gpu_utilization_pct_max": 34.0,
      "gpu_utilization_pct_mean": 12.75,
      "kv_cache_usage_perc_max": 0.0,
      "latency_ms_p50": 13.947398999999194,
      "latency_ms_p95": 21.097802299985347,
      "latency_ms_p99": 21.897033560002228,
      "num_requests": 32,
      "prompt_tokens_per_s": 17642.251819151363,
      "requests_per_s": 441.0562954787841,
      "scenario": "single_user_static",
      "server_prefill_avg_ms": 6.9947210312501324,
      "server_queue_avg_ms": 0.010620088541320646,
      "server_ttft_avg_ms": 11.45661249756813,