{
  "artifact": "eval\\artifacts\\experiment_results\\OPT-MODAL-001\\candidate_h100_rag_matrix.json",
  "gpu_memory_utilization": 0.92,
  "label": "candidate",
  "model": "Qwen/Qwen2.5-3B-Instruct-AWQ",
  "prompt_variant": "compact",
  "rows": [
    {
      "concurrency": 32,
      "dataset_mode": "dynamic",
      "derived_mfu_bf16_peak": 0.08126091541957191,
      "estimated_tflops_per_gpu": 80.40767580766641,
      "gpu_count": 1,
      "gpu_memory_used_mb_max": 75309.0,
      "gpu_memory_utilization_pct_max": 92.33683591019998,
      "gpu_power_w_max": 165.55,
      "gpu_power_w_mean": 140.365,
      "gpu_utilization_pct_max": 62.0,
      "gpu_utilization_pct_mean": 31.0,
      "kv_cache_usage_perc_max": 0.0,
      "latency_ms_p50": 86.76720299990848,
      "latency_ms_p95": 177.89665449998893,
      "latency_ms_p99": 196.58489920007014,
      "num_requests": 96,
      "prompt_tokens_per_s": 14419.770433752037,
      "requests_per_s": 295.53756653291964,
      "scenario": "multi_user_dynamic",
      "server_prefill_avg_ms": 16.664806312455482,
      "server_queue_avg_ms": 0.011459979191386083,
      "server_ttft_avg_ms": 30.480918784936268,
      "total_tokens_per_s": 14715.308000284958
    },
    {
      "concurrency": 32,
      "dataset_mode": "dynamic",
      "derived_mfu_bf16_peak": 0.08186940759924402,
      "estimated_tflops_per_gpu": 81.00977881945197,
      "gpu_count": 6,
      "gpu_memory_used_mb_max": 75309.0,
      "gpu_memory_utilization_pct_max": 92.33683591019998,
      "gpu_power_w_max": 166.2,
      "gpu_power_w_mean": 134.20583333333335,
      "gpu_utilization_pct_max": 69.0,
      "gpu_utilization_pct_mean": 15.0,
      "kv_cache_usage_perc_max": 0.0,
      "latency_ms_p50": 88.0794873333836,
      "latency_ms_p95": 223.91561475006938,
      "latency_ms_p99": 247.75697969997734,
      "num_requests": 96,
      "prompt_tokens_per_s": 87166.48516937855,
      "requests_per_s": 1786.5035389112597,
      "scenario": "multi_user_dynamic",
      "server_prefill_avg_ms": 18.739551020833762,
      "server_queue_avg_ms": 0.013633687504782048,
      "server_ttft_avg_ms": 33.440000481075714,
      "total_tokens_per_s": 88952.9887082898
    },
    {
      "concurrency": 32,
      "dataset_mode": "static",
      "derived_mfu_bf16_peak": 0.00990967242782304,
      "estimated_tflops_per_gpu": 9.805620867330898,
      "gpu_count": 1,
      "gpu_memory_used_mb_max": 75309.0,
      "gpu_memory_utilization_pct_max": 92.33683591019998,
      "gpu_power_w_max": 120.76,
      "gpu_power_w_mean": 117.89,
      "gpu_utilization_pct_max": 8.0,
      "gpu_utilization_pct_mean": 4.0,
      "kv_cache_usage_perc_max": 0.0,
      "latency_ms_p50": 139.62078700001257,
      "latency_ms_p95": 214.64339300004553,
      "latency_ms_p99": 242.79974789997138,
      "num_requests": 96,
      "prompt_tokens_per_s": 8695.004616595408,
      "requests_per_s": 217.37511541488522,
      "scenario": "multi_user_static",
      "server_prefill_avg_ms": 17.406490270802284,
      "server_queue_avg_ms": 0.01792716667499879,
      "server_ttft_avg_ms": 57.84823248783747,
      "total_tokens_per_s": 8912.379732010293
    },
    {
      "concurrency": 32,
      "dataset_mode": "static",
      "derived_mfu_bf16_peak": 0.013770931482950667,
      "estimated_tflops_per_gpu": 13.626336702379687,
      "gpu_count": 6,
      "gpu_memory_used_mb_max": 75309.0,
      "gpu_memory_utilization_pct_max": 92.33683591019998,
      "gpu_power_w_max": 133.6,
      "gpu_power_w_mean": 120.91333333333334,
      "gpu_utilization_pct_max": 55.0,
      "gpu_utilization_pct_mean": 13.25,
      "kv_cache_usage_perc_max": 0.0,
      "latency_ms_p50": 81.15085183332364,
      "latency_ms_p95": 224.6086835000085,
      "latency_ms_p99": 250.933344349977,
      "num_requests": 96,
      "prompt_tokens_per_s": 72497.84310703757,
      "requests_per_s": 1812.446077675939,
      "scenario": "multi_user_static",
      "server_prefill_avg_ms": 15.792074973960032,
      "server_queue_avg_ms": 0.013929440975483468,
      "server_ttft_avg_ms": 29.65497101346652,
      "total_tokens_per_s": 74310.2891847135
    },
    {
      "concurrency": 1,
      "dataset_mode": "dynamic",
      "derived_mfu_bf16_peak": 0.019191720908980782,
      "estimated_tflops_per_gpu": 18.990207839436483,
      "gpu_count": 1,
      "gpu_memory_used_mb_max": 75309.0,
      "gpu_memory_utilization_pct_max": 92.33683591019998,
      "gpu_power_w_max": 127.67,
      "gpu_power_w_mean": 122.33500000000001,
      "gpu_utilization_pct_max": 8.0,
      "gpu_utilization_pct_mean": 4.0,
      "kv_cache_usage_perc_max": 0.0,
      "latency_ms_p50": 14.160739499970987,
      "latency_ms_p95": 15.51048875004426,
      "latency_ms_p99": 16.793940100016016,
      "num_requests": 32,
      "prompt_tokens_per_s": 3405.581962675493,
      "requests_per_s": 70.3996271354107,
      "scenario": "single_user_dynamic",
      "server_prefill_avg_ms": 6.9285687187488065,
      "server_queue_avg_ms": 0.009674906248591242,
      "server_ttft_avg_ms": 11.536926031112671,
      "total_tokens_per_s": 3475.981589810903
    },
    {
      "concurrency": 1,
      "dataset_mode": "dynamic",
      "derived_mfu_bf16_peak": 0.02087250975175664,
      "estimated_tflops_per_gpu": 20.653348399363193,
      "gpu_count": 6,
      "gpu_memory_used_mb_max": 75309.0,
      "gpu_memory_utilization_pct_max": 92.33683591019998,
      "gpu_power_w_max": 134.98,
      "gpu_power_w_mean": 124.16333333333334,
      "gpu_utilization_pct_max": 33.0,
      "gpu_utilization_pct_mean": 16.833333333333332,
      "kv_cache_usage_perc_max": 0.0,
      "latency_ms_p50": 12.749619166650442,
      "latency_ms_p95": 15.670237949967714,
      "latency_ms_p99": 17.0428401700724,
      "num_requests": 32,
      "prompt_tokens_per_s": 22223.033483074683,
      "requests_per_s": 459.39087303513554,
      "scenario": "single_user_dynamic",
      "server_prefill_avg_ms": 6.398982151048689,
      "server_queue_avg_ms": 0.00890868749673738,
      "server_ttft_avg_ms": 10.654937475919724,
      "total_tokens_per_s": 22682.42435610982
    },
    {
      "concurrency": 1,
      "dataset_mode": "static",
      "derived_mfu_bf16_peak": 0.003746602725527466,
      "estimated_tflops_per_gpu": 3.7072633969094277,
      "gpu_count": 1,
      "gpu_memory_used_mb_max": 75439.0,
      "gpu_memory_utilization_pct_max": 92.49622972326782,
      "gpu_power_w_max": 124.41,
      "gpu_power_w_mean": 119.675,
      "gpu_utilization_pct_max": 31.0,
      "gpu_utilization_pct_mean": 15.5,
      "kv_cache_usage_perc_max": 0.0,
      "latency_ms_p50": 11.807805999993093,
      "latency_ms_p95": 13.270794249990558,
      "latency_ms_p99": 15.0609782900051,
      "num_requests": 32,
      "prompt_tokens_per_s": 3287.3667855605113,
      "requests_per_s": 82.1841696390128,
      "scenario": "single_user_static",
      "server_prefill_avg_ms": 5.829128531253502,
      "server_queue_avg_ms": 0.008544968746804216,
      "server_ttft_avg_ms": 9.937763214111328,
      "total_tokens_per_s": 3369.550955199524
    },
    {
      "concurrency": 1,
      "dataset_mode": "static",
      "derived_mfu_bf16_peak": 0.003646966112321017,
      "estimated_tflops_per_gpu": 3.608672968141646,
      "gpu_count": 6,
      "gpu_memory_used_mb_max": 75309.0,
      "gpu_memory_utilization_pct_max": 92.33683591019998,
      "gpu_power_w_max": 129.17,
      "gpu_power_w_mean": 120.54583333333333,
      "gpu_utilization_pct_max": 33.0,
      "gpu_utilization_pct_mean": 14.333333333333334,
      "kv_cache_usage_perc_max": 0.0,
      "latency_ms_p50": 12.221058333333682,
      "latency_ms_p95": 14.827013399988687,
      "latency_ms_p99": 16.511577719967363,
      "num_requests": 32,
      "prompt_tokens_per_s": 19199.658160747742,
      "requests_per_s": 479.9914540186935,
      "scenario": "single_user_static",
      "server_prefill_avg_ms": 6.095566322915857,
      "server_queue_avg_ms": 0.008568666666874947,
      "server_ttft_avg_ms": 10.20077740152677,