{
  "artifact": "eval\\artifacts\\experiment_results\\OPT-MODAL-001-REPLICATE\\candidate_h100_rag_matrix.json",
  "gpu_memory_utilization": 0.92,
  "label": "candidate",
  "model": "Qwen/Qwen2.5-3B-Instruct-AWQ",
  "prompt_variant": "compact",
  "rows": [
    {
      "concurrency": 32,
      "dataset_mode": "dynamic",
      "derived_mfu_bf16_peak": 0.08033409906087219,
      "estimated_tflops_per_gpu": 79.49059102073304,
      "gpu_count": 1,
      "gpu_memory_used_mb_max": 75309.0,
      "gpu_memory_utilization_pct_max": 92.33683591019998,
      "gpu_power_w_max": 163.69,
      "gpu_power_w_mean": 144.425,
      "gpu_utilization_pct_max": 49.0,
      "gpu_utilization_pct_mean": 24.5,
      "kv_cache_usage_perc_max": 0.0,
      "latency_ms_p50": 92.09987400004138,
      "latency_ms_p95": 205.4267717500693,
      "latency_ms_p99": 215.42871019996704,
      "num_requests": 96,
      "prompt_tokens_per_s": 14255.306631471549,
      "requests_per_s": 292.1668310463853,
      "scenario": "multi_user_dynamic",
      "server_prefill_avg_ms": 17.21757920833748,
      "server_queue_avg_ms": 0.018907406250434633,
      "server_ttft_avg_ms": 31.028136610984802,
      "total_tokens_per_s": 14547.473462517934
    },
    {
      "concurrency": 32,
      "dataset_mode": "dynamic",
      "derived_mfu_bf16_peak": 0.08106846876177382,
      "estimated_tflops_per_gpu": 80.21724983977519,
      "gpu_count": 6,
      "gpu_memory_used_mb_max": 75309.0,
      "gpu_memory_utilization_pct_max": 92.33683591019998,
      "gpu_power_w_max": 163.42,
      "gpu_power_w_mean": 139.8658333333333,
      "gpu_utilization_pct_max": 72.0,
      "gpu_utilization_pct_mean": 28.583333333333332,
      "kv_cache_usage_perc_max": 0.0,
      "latency_ms_p50": 89.01249608328499,
      "latency_ms_p95": 213.8669992500013,
      "latency_ms_p99": 239.9804528001027,
      "num_requests": 96,
      "prompt_tokens_per_s": 86313.7243476602,
      "requests_per_s": 1769.0259473474334,
      "scenario": "multi_user_dynamic",
      "server_prefill_avg_ms": 16.055437282983654,
      "server_queue_avg_ms": 0.014335880217844177,
      "server_ttft_avg_ms": 30.116446316242218,
      "total_tokens_per_s": 88082.75029500763
    },
    {
      "concurrency": 32,
      "dataset_mode": "static",
      "derived_mfu_bf16_peak": 0.010834184408327825,
      "estimated_tflops_per_gpu": 10.720425472040382,
      "gpu_count": 1,
      "gpu_memory_used_mb_max": 75309.0,
      "gpu_memory_utilization_pct_max": 92.33683591019998,
      "gpu_power_w_max": 136.6,
      "gpu_power_w_mean": 130.45499999999998,
      "gpu_utilization_pct_max": 56.0,
      "gpu_utilization_pct_mean": 28.0,
      "kv_cache_usage_perc_max": 0.0,
      "latency_ms_p50": 129.79477999999744,
      "latency_ms_p95": 212.6743097500139,
      "latency_ms_p99": 222.23336214999276,
      "num_requests": 96,
      "prompt_tokens_per_s": 9506.195500768034,
      "requests_per_s": 237.65488751920086,
      "scenario": "multi_user_static",
      "server_prefill_avg_ms": 19.216582177078816,
      "server_queue_avg_ms": 0.016038500008382545,
      "server_ttft_avg_ms": 55.33922960360845,
      "total_tokens_per_s": 9743.850388287236
    },
    {
      "concurrency": 32,
      "dataset_mode": "static",
      "derived_mfu_bf16_peak": 0.014368844262688302,
      "estimated_tflops_per_gpu": 14.217971397930077,
      "gpu_count": 6,
      "gpu_memory_used_mb_max": 75309.0,
      "gpu_memory_utilization_pct_max": 92.33683591019998,
      "gpu_power_w_max": 145.1,
      "gpu_power_w_mean": 129.06333333333333,
      "gpu_utilization_pct_max": 63.0,
      "gpu_utilization_pct_mean": 15.666666666666666,
      "kv_cache_usage_perc_max": 0.0,
      "latency_ms_p50": 79.32555716665964,
      "latency_ms_p95": 190.24270724995063,
      "latency_ms_p99": 210.5695519499079,
      "num_requests": 96,
      "prompt_tokens_per_s": 75645.58855554106,
      "requests_per_s": 1891.1397138885268,
      "scenario": "multi_user_static",
      "server_prefill_avg_ms": 13.571803461808962,
      "server_queue_avg_ms": 0.014992262151341466,
      "server_ttft_avg_ms": 26.482101943757797,
      "total_tokens_per_s": 77536.7282694296
    },
    {
      "concurrency": 1,
      "dataset_mode": "dynamic",
      "derived_mfu_bf16_peak": 0.02108769163760608,
      "estimated_tflops_per_gpu": 20.866270875411217,
      "gpu_count": 1,
      "gpu_memory_used_mb_max": 75309.0,
      "gpu_memory_utilization_pct_max": 92.33683591019998,
      "gpu_power_w_max": 139.99,
      "gpu_power_w_mean": 130.645,
      "gpu_utilization_pct_max": 33.0,
      "gpu_utilization_pct_mean": 16.5,
      "kv_cache_usage_perc_max": 0.0,
      "latency_ms_p50": 12.806548000014573,
      "latency_ms_p95": 14.007714200039345,
      "latency_ms_p99": 14.601829230048226,
      "num_requests": 32,
      "prompt_tokens_per_s": 3742.0230638039243,
      "requests_per_s": 77.35448193909922,
      "scenario": "single_user_dynamic",
      "server_prefill_avg_ms": 5.96963921875826,
      "server_queue_avg_ms": 0.009900843743082532,
      "server_ttft_avg_ms": 10.443232953548431,
      "total_tokens_per_s": 3819.3775457430233
    },
    {
      "concurrency": 1,
      "dataset_mode": "dynamic",
      "derived_mfu_bf16_peak": 0.022414957879010017,
      "estimated_tflops_per_gpu": 22.179600821280417,
      "gpu_count": 6,
      "gpu_memory_used_mb_max": 75309.0,
      "gpu_memory_utilization_pct_max": 92.33683591019998,
      "gpu_power_w_max": 149.24,
      "gpu_power_w_mean": 129.83666666666667,
      "gpu_utilization_pct_max": 34.0,
      "gpu_utilization_pct_mean": 12.0,
      "kv_cache_usage_perc_max": 0.0,
      "latency_ms_p50": 11.987035666635393,
      "latency_ms_p95": 14.433695800050828,
      "latency_ms_p99": 15.45150715003956,
      "num_requests": 32,
      "prompt_tokens_per_s": 23865.283350749218,
      "requests_per_s": 493.3391907131621,
      "scenario": "single_user_dynamic",
      "server_prefill_avg_ms": 5.852383812491979,
      "server_queue_avg_ms": 0.011116682292329946,
      "server_ttft_avg_ms": 9.93958612283071,
      "total_tokens_per_s": 24358.62254146238
    },
    {
      "concurrency": 1,
      "dataset_mode": "static",
      "derived_mfu_bf16_peak": 0.0037756125308784057,
      "estimated_tflops_per_gpu": 3.7359685993041825,
      "gpu_count": 1,
      "gpu_memory_used_mb_max": 75309.0,
      "gpu_memory_utilization_pct_max": 92.33683591019998,
      "gpu_power_w_max": 130.82,
      "gpu_power_w_mean": 125.51499999999999,
      "gpu_utilization_pct_max": 34.0,
      "gpu_utilization_pct_mean": 18.5,
      "kv_cache_usage_perc_max": 0.0,
      "latency_ms_p50": 11.892829999993637,
      "latency_ms_p95": 13.404237049995515,
      "latency_ms_p99": 14.924696140001574,
      "num_requests": 32,
      "prompt_tokens_per_s": 3312.8207441338295,
      "requests_per_s": 82.82051860334573,
      "scenario": "single_user_static",
      "server_prefill_avg_ms": 5.811904093748765,
      "server_queue_avg_ms": 0.009408312501513194,
      "server_ttft_avg_ms": 9.853467345237732,
      "total_tokens_per_s": 3395.641262737175
    },
    {
      "concurrency": 1,
      "dataset_mode": "static",
      "derived_mfu_bf16_peak": 0.0037272454052986997,
      "estimated_tflops_per_gpu": 3.6881093285430633,
      "gpu_count": 6,
      "gpu_memory_used_mb_max": 75309.0,
      "gpu_memory_utilization_pct_max": 92.33683591019998,
      "gpu_power_w_max": 137.1,
      "gpu_power_w_mean": 126.31666666666666,
      "gpu_utilization_pct_max": 34.0,
      "gpu_utilization_pct_mean": 15.25,
      "kv_cache_usage_perc_max": 0.0,
      "latency_ms_p50": 11.98163483332119,
      "latency_ms_p95": 14.486017050008115,
      "latency_ms_p99": 15.851553160002826,
      "num_requests": 32,
      "prompt_tokens_per_s": 19622.293012590955,
      "requests_per_s": 490.55732531477395,
      "scenario": "single_user_static",
      "server_prefill_avg_ms": 5.6605203802074415,
      "server_queue_avg_ms": 0.00966872395909609,