{
  "artifact": "eval/artifacts/experiment_results/OPT-MODAL-001-CODEX-RAG-VALIDATION/candidate_h100_rag_matrix.json",
  "gpu_memory_utilization": 0.92,
  "label": "candidate",
  "model": "Qwen/Qwen2.5-3B-Instruct-AWQ",
  "prompt_variant": "compact",
  "rows": [
    {
      "concurrency": 32,
      "dataset_mode": "dynamic",
      "derived_mfu_bf16_peak": 0.07176295311792358,
      "estimated_tflops_per_gpu": 71.00944211018538,
      "gpu_count": 1,
      "gpu_memory_used_mb_max": 75309.0,
      "gpu_memory_utilization_pct_max": 92.33683591019998,
      "gpu_power_w_max": 150.12,
      "gpu_power_w_mean": 133.42000000000002,
      "gpu_utilization_pct_max": 42.0,
      "gpu_utilization_pct_mean": 21.0,
      "kv_cache_usage_perc_max": 0.0,
      "latency_ms_p50": 91.67983050002704,
      "latency_ms_p95": 188.5627039999349,
      "latency_ms_p99": 228.08194069998535,
      "num_requests": 96,
      "prompt_tokens_per_s": 12734.354569667232,
      "requests_per_s": 260.99445744834634,
      "scenario": "multi_user_dynamic",
      "server_prefill_avg_ms": 21.791325583321235,
      "server_queue_avg_ms": 0.01808974999543504,
      "server_ttft_avg_ms": 40.42879740397135,
      "total_tokens_per_s": 12995.349027115577
    },
    {
      "concurrency": 32,
      "dataset_mode": "dynamic",
      "derived_mfu_bf16_peak": 0.06967866652039578,
      "estimated_tflops_per_gpu": 68.94704052193163,
      "gpu_count": 6,
      "gpu_memory_used_mb_max": 75309.0,
      "gpu_memory_utilization_pct_max": 92.33683591019998,
      "gpu_power_w_max": 168.25,
      "gpu_power_w_mean": 136.12,
      "gpu_utilization_pct_max": 69.0,
      "gpu_utilization_pct_mean": 22.166666666666668,
      "kv_cache_usage_perc_max": 0.0,
      "latency_ms_p50": 111.88307975000218,
      "latency_ms_p95": 253.88067750000687,
      "latency_ms_p99": 289.8101350499359,
      "num_requests": 96,
      "prompt_tokens_per_s": 74186.98424694888,
      "requests_per_s": 1520.4847326445542,
      "scenario": "multi_user_dynamic",
      "server_prefill_avg_ms": 20.14841956249808,
      "server_queue_avg_ms": 0.017816552083759086,
      "server_ttft_avg_ms": 42.57305463155111,
      "total_tokens_per_s": 75707.46897959342
    },
    {
      "concurrency": 32,
      "dataset_mode": "static",
      "derived_mfu_bf16_peak": 0.01033140912224483,
      "estimated_tflops_per_gpu": 10.22292932646126,
      "gpu_count": 1,
      "gpu_memory_used_mb_max": 75309.0,
      "gpu_memory_utilization_pct_max": 92.33683591019998,
      "gpu_power_w_max": 132.26,
      "gpu_power_w_mean": 128.405,
      "gpu_utilization_pct_max": 5.0,
      "gpu_utilization_pct_mean": 5.0,
      "kv_cache_usage_perc_max": 0.0,
      "latency_ms_p50": 143.4597125000039,
      "latency_ms_p95": 202.46191825000182,
      "latency_ms_p99": 220.42509925000073,
      "num_requests": 96,
      "prompt_tokens_per_s": 9065.047373477002,
      "requests_per_s": 226.62618433692504,
      "scenario": "multi_user_static",
      "server_prefill_avg_ms": 28.459327531248135,
      "server_queue_avg_ms": 0.012605989582266849,
      "server_ttft_avg_ms": 59.92497752110163,
      "total_tokens_per_s": 9291.673557813927
    },
    {
      "concurrency": 32,
      "dataset_mode": "static",
      "derived_mfu_bf16_peak": 0.009477895339685098,
      "estimated_tflops_per_gpu": 9.378377438618406,
      "gpu_count": 6,
      "gpu_memory_used_mb_max": 75309.0,
      "gpu_memory_utilization_pct_max": 92.33683591019998,
      "gpu_power_w_max": 147.65,
      "gpu_power_w_mean": 127.14166666666667,
      "gpu_utilization_pct_max": 43.0,
      "gpu_utilization_pct_mean": 8.5,
      "kv_cache_usage_perc_max": 0.0,
      "latency_ms_p50": 153.66928949999922,
      "latency_ms_p95": 287.1549425000026,
      "latency_ms_p99": 328.69963660000246,
      "num_requests": 96,
      "prompt_tokens_per_s": 49896.91294101068,
      "requests_per_s": 1247.4228235252672,
      "scenario": "multi_user_static",
      "server_prefill_avg_ms": 36.58722254860954,
      "server_queue_avg_ms": 0.01573930729402583,
      "server_ttft_avg_ms": 67.87132885720995,
      "total_tokens_per_s": 51144.33576453595
    },
    {
      "concurrency": 1,
      "dataset_mode": "dynamic",
      "derived_mfu_bf16_peak": 0.018148144699102677,
      "estimated_tflops_per_gpu": 17.9575891797621,
      "gpu_count": 1,
      "gpu_memory_used_mb_max": 75309.0,
      "gpu_memory_utilization_pct_max": 92.33683591019998,
      "gpu_power_w_max": 134.76,
      "gpu_power_w_mean": 126.845,
      "gpu_utilization_pct_max": 30.0,
      "gpu_utilization_pct_mean": 15.0,
      "kv_cache_usage_perc_max": 0.0,
      "latency_ms_p50": 14.99270350001325,
      "latency_ms_p95": 16.99383650001778,
      "latency_ms_p99": 17.105194559991332,
      "num_requests": 32,
      "prompt_tokens_per_s": 3220.398761341263,
      "requests_per_s": 66.57155062204161,
      "scenario": "single_user_dynamic",
      "server_prefill_avg_ms": 7.256674281247655,
      "server_queue_avg_ms": 0.011578031262615696,
      "server_ttft_avg_ms": 12.0282843708992,
      "total_tokens_per_s": 3286.9703119633045
    },
    {
      "concurrency": 1,
      "dataset_mode": "dynamic",
      "derived_mfu_bf16_peak": 0.020396739404712486,
      "estimated_tflops_per_gpu": 20.182573640963003,
      "gpu_count": 6,
      "gpu_memory_used_mb_max": 75309.0,
      "gpu_memory_utilization_pct_max": 92.33683591019998,
      "gpu_power_w_max": 144.06,
      "gpu_power_w_mean": 128.76000000000002,
      "gpu_utilization_pct_max": 37.0,
      "gpu_utilization_pct_mean": 16.083333333333332,
      "kv_cache_usage_perc_max": 0.0,
      "latency_ms_p50": 13.211975166669276,
      "latency_ms_p95": 15.809061599941288,
      "latency_ms_p99": 18.020279189975103,
      "num_requests": 32,
      "prompt_tokens_per_s": 21716.479145414047,
      "requests_per_s": 448.91946553827484,
      "scenario": "single_user_dynamic",
      "server_prefill_avg_ms": 6.546599598957907,
      "server_queue_avg_ms": 0.010320645833801953,
      "server_ttft_avg_ms": 10.918154070774714,
      "total_tokens_per_s": 22165.39861095232
    },
    {
      "concurrency": 1,
      "dataset_mode": "static",
      "derived_mfu_bf16_peak": 0.003137856222210351,
      "estimated_tflops_per_gpu": 3.104908731877142,
      "gpu_count": 1,
      "gpu_memory_used_mb_max": 75309.0,
      "gpu_memory_utilization_pct_max": 92.33683591019998,
      "gpu_power_w_max": 129.16,
      "gpu_power_w_mean": 123.85499999999999,
      "gpu_utilization_pct_max": 27.0,
      "gpu_utilization_pct_mean": 14.0,
      "kv_cache_usage_perc_max": 0.0,
      "latency_ms_p50": 14.328540500017084,
      "latency_ms_p95": 15.97358160001221,
      "latency_ms_p99": 17.710152579996365,
      "num_requests": 32,
      "prompt_tokens_per_s": 2753.2367529857206,
      "requests_per_s": 68.830918824643,
      "scenario": "single_user_static",
      "server_prefill_avg_ms": 7.153864156254741,
      "server_queue_avg_ms": 0.010826249996043202,
      "server_ttft_avg_ms": 11.638730764389038,
      "total_tokens_per_s": 2822.0676718103637
    },
    {
      "concurrency": 1,
      "dataset_mode": "static",
      "derived_mfu_bf16_peak": 0.003793188455565163,
      "estimated_tflops_per_gpu": 3.753359976781729,
      "gpu_count": 6,
      "gpu_memory_used_mb_max": 75309.0,
      "gpu_memory_utilization_pct_max": 92.33683591019998,
      "gpu_power_w_max": 138.85,
      "gpu_power_w_mean": 128.21416666666667,
      "gpu_utilization_pct_max": 36.0,
      "gpu_utilization_pct_mean": 15.833333333333334,
      "kv_cache_usage_perc_max": 0.0,
      "latency_ms_p50": 11.81685033333224,
      "latency_ms_p95": 15.470981750004853,
      "latency_ms_p99": 18.66502766001503,
      "num_requests": 32,
      "prompt_tokens_per_s": 19969.453908579468,
      "requests_per_s": 499.2363477144867,
      "scenario": "single_user_static",
      "server_prefill_avg_ms": 5.7698178437506344,
      "server_queue_avg_ms": 0.00960752083386159,